{"cameraMode":{"drawMode":0,"name":"Shaded","section":"Shading Mode"},"sceneLighting":true,"audioPlay":false,"sceneViewState":{"m_AlwaysRefresh":false,"showFog":true,"showSkybox":true,"showFlares":true,"showImageEffects":true,"showParticleSystems":true,"showVisualEffectGraphs":true,"m_FxEnabled":true},"in2DMode":false,"pivot":{"x":1.5684266090393067,"y":-11.768423080444336,"z":6.209482192993164},"rotation":{"x":-0.41687554121017458,"y":-0.07101409137248993,"z":0.03275269269943237,"w":-0.9056424498558044},"size":12.969911575317383,"orthographic":false}